{"is_source_file": false, "format": "", "description": "", "external_files": [], "external_methods": [], "published": [], "classes": [], "methods": [], "calls": [], "search-terms": [], "state": 2, "file_id": 1, "knowledge_revision": 18, "git_revision": "abc6fa5ca81e18124b7a1462d2c0612fab7c6061", "hash": "724c44dd1919535c6b65a7d3e7f52225", "format-version": 4, "code-base-name": "tip_calculator_frontend", "filename": "README.md", "revision_history": [{"18": "abc6fa5ca81e18124b7a1462d2c0612fab7c6061"}]}