{"is_source_file": false, "format": "", "description": "", "external_files": [], "external_methods": [], "published": [], "classes": [], "methods": [], "calls": [], "search-terms": [], "state": 2, "file_id": 12, "knowledge_revision": 45, "git_revision": "645869fe75653e43b85c04f29ba00f21b8c171fe", "revision_history": [{"20": "0a6c4f55b606301b618d6c733bff3ecc3cafcce1"}, {"45": "645869fe75653e43b85c04f29ba00f21b8c171fe"}], "hash": "28b07ffc61af8f026a787aecd1a5205f", "format-version": 4, "code-base-name": "tip_calculator_frontend", "filename": "tip_calculator_frontend/package.json"}