{"is_source_file": false, "format": "", "description": "", "external_files": [], "external_methods": [], "published": [], "classes": [], "methods": [], "calls": [], "search-terms": [], "state": 2, "file_id": 6, "knowledge_revision": 44, "git_revision": "5dffd47daffa4388fdb642c63cc96fc3d68ba56e", "hash": "ec550f3a472cc1ebd59251c2165b37aa", "format-version": 4, "code-base-name": "tip_calculator_frontend", "filename": "tip_calculator_frontend/src/App.css", "revision_history": [{"44": "5dffd47daffa4388fdb642c63cc96fc3d68ba56e"}]}