{"is_source_file": false, "format": null, "description": "", "external_files": [], "external_methods": [], "published": [], "classes": [], "methods": [], "calls": [], "search-terms": [], "state": 2, "file_id": 2, "knowledge_revision": 14, "git_revision": "0a6c4f55b606301b618d6c733bff3ecc3cafcce1", "hash": "ebece526bc2eadd78ddd787a76c56607", "format-version": 4, "code-base-name": "tip_calculator_frontend", "filename": "tip_calculator_frontend/README.md", "revision_history": [{"14": "0a6c4f55b606301b618d6c733bff3ecc3cafcce1"}]}