{"is_source_file": true, "format": "JavaScript (ES Module, .mjs)", "description": "ESLint configuration file for a JavaScript project, specifying file matching patterns, language options, globals, and rules including React plugin configurations.", "external_files": ["@eslint/js", "eslint-plugin-react"], "external_methods": [], "published": [], "classes": [], "methods": [], "calls": ["pluginJs", "pluginReact", "pluginJs.configs.recommended"], "search-terms": ["eslint", "eslint.config.mjs", "react", "ESLint", "eslint-plugin-react", "@eslint/js", "jsx", " ESLint rules"], "state": 2, "file_id": 5, "knowledge_revision": 23, "git_revision": "0a6c4f55b606301b618d6c733bff3ecc3cafcce1", "hash": "be6538e7523bc2e9da0743133d784136", "format-version": 4, "code-base-name": "tip_calculator_frontend", "filename": "tip_calculator_frontend/eslint.config.mjs", "revision_history": [{"23": "0a6c4f55b606301b618d6c733bff3ecc3cafcce1"}]}