{"is_source_file": false, "format": "", "description": "", "external_files": [], "external_methods": [], "published": [], "classes": [], "methods": [], "calls": [], "search-terms": [":root", "css", "variables", "styling", "layout", "colors", "typography"], "state": 2, "file_id": 11, "knowledge_revision": 43, "git_revision": "5dffd47daffa4388fdb642c63cc96fc3d68ba56e", "hash": "7206642260ed9f27ebcb24370e1f529f", "format-version": 4, "code-base-name": "tip_calculator_frontend", "filename": "tip_calculator_frontend/src/index.css", "revision_history": [{"43": "5dffd47daffa4388fdb642c63cc96fc3d68ba56e"}]}