{"is_source_file": false, "format": "", "description": "", "external_files": [], "external_methods": [], "published": [], "classes": [], "methods": [], "calls": [], "search-terms": [], "state": 2, "file_id": 6, "knowledge_revision": 27, "git_revision": "0a6c4f55b606301b618d6c733bff3ecc3cafcce1", "hash": "48012b043cf5ac511741fe42f6600891", "format-version": 4, "code-base-name": "tip_calculator_frontend", "filename": "tip_calculator_frontend/src/App.css", "revision_history": [{"27": "0a6c4f55b606301b618d6c733bff3ecc3cafcce1"}]}