{"is_source_file": false, "format": "", "description": "", "external_files": [], "external_methods": [], "published": [], "classes": [], "methods": [], "calls": [], "search-terms": [], "state": 2, "file_id": 3, "knowledge_revision": 17, "git_revision": "0a6c4f55b606301b618d6c733bff3ecc3cafcce1", "hash": "d9d975cebe2ec20b6c652e1e4c12ccf0", "format-version": 4, "code-base-name": "tip_calculator_frontend", "filename": "tip_calculator_frontend/public/manifest.json", "revision_history": [{"17": "0a6c4f55b606301b618d6c733bff3ecc3cafcce1"}]}