{"is_source_file": false, "format": "", "description": "", "external_files": [], "external_methods": [], "published": [], "classes": [], "methods": [], "calls": [], "search-terms": [], "state": 2, "file_id": 6, "knowledge_revision": 33, "git_revision": "cb6fe7256c4e3aa340afb335a2ddbb615c87c366", "hash": "1b142fa3d7fdb88a77dbcc2cfc45983a", "format-version": 4, "code-base-name": "tip_calculator_frontend", "filename": "tip_calculator_frontend/src/App.css", "revision_history": [{"33": "cb6fe7256c4e3aa340afb335a2ddbb615c87c366"}]}