{"is_source_file": false, "format": "", "description": "", "external_files": [], "external_methods": [], "published": [], "classes": [], "methods": [], "calls": [], "search-terms": [], "state": 2, "file_id": 11, "knowledge_revision": 28, "git_revision": "0a6c4f55b606301b618d6c733bff3ecc3cafcce1", "hash": "bca4f8c9d650dd8c64b4233070712f77", "format-version": 4, "code-base-name": "tip_calculator_frontend", "filename": "tip_calculator_frontend/src/index.css", "revision_history": [{"28": "0a6c4f55b606301b618d6c733bff3ecc3cafcce1"}]}