{"is_source_file": false, "format": "", "description": "", "external_files": [], "external_methods": [], "published": [], "classes": [], "methods": [], "calls": [], "search-terms": [], "state": 2, "file_id": 11, "knowledge_revision": 31, "git_revision": "e64fd235e3e77c8fafc078f371cc195bffa8b8b8", "hash": "415ff153fd99cdad73e9ac60c5c5c179", "format-version": 4, "code-base-name": "tip_calculator_frontend", "filename": "tip_calculator_frontend/src/index.css", "revision_history": [{"31": "e64fd235e3e77c8fafc078f371cc195bffa8b8b8"}]}