{"is_source_file": true, "format": "JavaScript (React JSX)", "description": "Source code for a React-based Tip Calculator app, including state management, input handling, tip and total calculations, rounding options, and rendering of UI components.", "external_files": ["./App.css"], "external_methods": ["Number", "Number.isFinite", "Math.max", "Math.round"], "published": ["App"], "classes": [], "methods": [{"name": "coerceNumber(value)", "description": "Converts input values from input fields into numbers, handling empty and invalid input by returning 0.", "scope": "", "scopeKind": ""}, {"name": "formatCurrency(amount)", "description": "Formats a number as USD currency with 2 decimal places, e.g., $12.34.", "scope": "", "scopeKind": ""}, {"name": "roundToWholeCurrency(amount)", "description": "Rounds a number to the nearest whole currency unit (e.g., dollars).", "scope": "", "scopeKind": ""}, {"name": "App()", "scope": "", "scopeKind": "", "description": "unavailable"}], "calls": ["useMemo", "useRef", "useState", "coerceNumber", "formatCurrency", "roundToWholeCurrency", "setBillInput", "setSelectedTip", "setCustomTipInput", "setPeopleInput", "setRoundingMode", "onBillChange", "onSelectPreset", "onCustomTipChange", "onPeopleChange", "onPeopleBlur", "onRoundingModeChange"], "search-terms": ["React tip calculator", "tip percentage presets", "currency formatting", "rounding modes", "split bill", "tip calculation", "custom tip input", "error validation"], "state": 2, "file_id": 8, "knowledge_revision": 34, "git_revision": "e64fd235e3e77c8fafc078f371cc195bffa8b8b8", "revision_history": [{"24": "0a6c4f55b606301b618d6c733bff3ecc3cafcce1"}, {"26": "0a6c4f55b606301b618d6c733bff3ecc3cafcce1"}, {"34": "e64fd235e3e77c8fafc078f371cc195bffa8b8b8"}], "ctags": [{"_type": "tag", "name": "0", "path": "/home/kavia/workspace/code-generation/tip-calculator-316089-316098/tip_calculator_frontend/src/App.js", "pattern": "/^                      min={0}$/", "language": "JavaScript", "kind": "field", "scope": "App.min", "scopeKind": "class"}, {"_type": "tag", "name": "0", "path": "/home/kavia/workspace/code-generation/tip-calculator-316089-316098/tip_calculator_frontend/src/App.js", "pattern": "/^                  min={0}$/", "language": "JavaScript", "kind": "field", "scope": "App.min", "scopeKind": "class"}, {"_type": "tag", "name": "0", "path": "/home/kavia/workspace/code-generation/tip-calculator-316089-316098/tip_calculator_frontend/src/App.js", "pattern": "/^                  step={0.01}$/", "language": "JavaScript", "kind": "field", "scope": "App.step", "scopeKind": "class"}, {"_type": "tag", "name": "1", "path": "/home/kavia/workspace/code-generation/tip-calculator-316089-316098/tip_calculator_frontend/src/App.js", "pattern": "/^                      step={1}$/", "language": "JavaScript", "kind": "field", "scope": "App.step", "scopeKind": "class"}, {"_type": "tag", "name": "1", "path": "/home/kavia/workspace/code-generation/tip-calculator-316089-316098/tip_calculator_frontend/src/App.js", "pattern": "/^                    min={1}$/", "language": "JavaScript", "kind": "field", "scope": "App.min", "scopeKind": "class"}, {"_type": "tag", "name": "1", "path": "/home/kavia/workspace/code-generation/tip-calculator-316089-316098/tip_calculator_frontend/src/App.js", "pattern": "/^                    step={1}$/", "language": "JavaScript", "kind": "field", "scope": "App.step", "scopeKind": "class"}, {"_type": "tag", "name": "App", "path": "/home/kavia/workspace/code-generation/tip-calculator-316089-316098/tip_calculator_frontend/src/App.js", "pattern": "/^function App() {$/", "language": "JavaScript", "kind": "function", "signature": "()"}, {"_type": "tag", "name": "NONE", "path": "/home/kavia/workspace/code-generation/tip-calculator-316089-316098/tip_calculator_frontend/src/App.js", "pattern": "/^  NONE: 'none',$/", "language": "JavaScript", "kind": "property", "scope": "ROUNDING_MODES", "scopeKind": "class"}, {"_type": "tag", "name": "ROUNDING_MODES", "path": "/home/kavia/workspace/code-generation/tip-calculator-316089-316098/tip_calculator_frontend/src/App.js", "pattern": "/^                      value={ROUNDING_MODES.NONE}$/", "language": "JavaScript", "kind": "field", "scope": "App.value", "scopeKind": "class"}, {"_type": "tag", "name": "ROUNDING_MODES", "path": "/home/kavia/workspace/code-generation/tip-calculator-316089-316098/tip_calculator_frontend/src/App.js", "pattern": "/^                      value={ROUNDING_MODES.TIP}$/", "language": "JavaScript", "kind": "field", "scope": "App.value", "scopeKind": "class"}, {"_type": "tag", "name": "ROUNDING_MODES", "path": "/home/kavia/workspace/code-generation/tip-calculator-316089-316098/tip_calculator_frontend/src/App.js", "pattern": "/^                      value={ROUNDING_MODES.TOTAL}$/", "language": "JavaScript", "kind": "field", "scope": "App.value", "scopeKind": "class"}, {"_type": "tag", "name": "ROUNDING_MODES", "path": "/home/kavia/workspace/code-generation/tip-calculator-316089-316098/tip_calculator_frontend/src/App.js", "pattern": "/^const ROUNDING_MODES = {$/", "language": "JavaScript", "kind": "class"}, {"_type": "tag", "name": "TIP", "path": "/home/kavia/workspace/code-generation/tip-calculator-316089-316098/tip_calculator_frontend/src/App.js", "pattern": "/^  TIP: 'tip',$/", "language": "JavaScript", "kind": "property", "scope": "ROUNDING_MODES", "scopeKind": "class"}, {"_type": "tag", "name": "TIP_PRESETS", "path": "/home/kavia/workspace/code-generation/tip-calculator-316089-316098/tip_calculator_frontend/src/App.js", "pattern": "/^const TIP_PRESETS = [10, 15, 18, 20];$/", "language": "JavaScript", "kind": "constant"}, {"_type": "tag", "name": "TOTAL", "path": "/home/kavia/workspace/code-generation/tip-calculator-316089-316098/tip_calculator_frontend/src/App.js", "pattern": "/^  TOTAL: 'total',$/", "language": "JavaScript", "kind": "property", "scope": "ROUNDING_MODES", "scopeKind": "class"}, {"_type": "tag", "name": "billHasError", "path": "/home/kavia/workspace/code-generation/tip-calculator-316089-316098/tip_calculator_frontend/src/App.js", "pattern": "/^                  aria-invalid={billHasError ? 'true' : 'false'}$/", "language": "JavaScript", "kind": "field", "scope": "App.aria", "scopeKind": "class"}, {"_type": "tag", "name": "billHelperId", "path": "/home/kavia/workspace/code-generation/tip-calculator-316089-316098/tip_calculator_frontend/src/App.js", "pattern": "/^                  aria-describedby={billHelperId}$/", "language": "JavaScript", "kind": "field", "scope": "App.aria", "scopeKind": "class"}, {"_type": "tag", "name": "billInput", "path": "/home/kavia/workspace/code-generation/tip-calculator-316089-316098/tip_calculator_frontend/src/App.js", "pattern": "/^                  value={billInput}$/", "language": "JavaScript", "kind": "field", "scope": "App.value", "scopeKind": "class"}, {"_type": "tag", "name": "checked", "path": "/home/kavia/workspace/code-generation/tip-calculator-316089-316098/tip_calculator_frontend/src/App.js", "pattern": "/^                      checked={roundingMode === ROUNDING_MODES.NONE}$/", "language": "JavaScript", "kind": "class", "scope": "App", "scopeKind": "class"}, {"_type": "tag", "name": "checked", "path": "/home/kavia/workspace/code-generation/tip-calculator-316089-316098/tip_calculator_frontend/src/App.js", "pattern": "/^                      checked={roundingMode === ROUNDING_MODES.TIP}$/", "language": "JavaScript", "kind": "class", "scope": "App", "scopeKind": "class"}, {"_type": "tag", "name": "checked", "path": "/home/kavia/workspace/code-generation/tip-calculator-316089-316098/tip_calculator_frontend/src/App.js", "pattern": "/^                      checked={roundingMode === ROUNDING_MODES.TOTAL}$/", "language": "JavaScript", "kind": "class", "scope": "App", "scopeKind": "class"}, {"_type": "tag", "name": "coerceNumber", "path": "/home/kavia/workspace/code-generation/tip-calculator-316089-316098/tip_calculator_frontend/src/App.js", "pattern": "/^function coerceNumber(value) {$/", "language": "JavaScript", "kind": "function", "signature": "(value)"}, {"_type": "tag", "name": "customTipInput", "path": "/home/kavia/workspace/code-generation/tip-calculator-316089-316098/tip_calculator_frontend/src/App.js", "pattern": "/^                      value={customTipInput}$/", "language": "JavaScript", "kind": "field", "scope": "App.value", "scopeKind": "class"}, {"_type": "tag", "name": "formatCurrency", "path": "/home/kavia/workspace/code-generation/tip-calculator-316089-316098/tip_calculator_frontend/src/App.js", "pattern": "/^function formatCurrency(amount) {$/", "language": "JavaScript", "kind": "function", "signature": "(amount)"}, {"_type": "tag", "name": "helper ${peopleHasError ? 'helperError' : ''}", "path": "/home/kavia/workspace/code-generation/tip-calculator-316089-316098/tip_calculator_frontend/src/App.js", "pattern": "/^                  className={`helper ${peopleHasError ? 'helperError' : ''}`}$/", "language": "JavaScript", "kind": "field", "scope": "App.className", "scopeKind": "class"}, {"_type": "tag", "name": "input ${billHasError ? 'inputError' : ''}", "path": "/home/kavia/workspace/code-generation/tip-calculator-316089-316098/tip_calculator_frontend/src/App.js", "pattern": "/^                  className={`input ${billHasError ? 'inputError' : ''}`}$/", "language": "JavaScript", "kind": "field", "scope": "App.className", "scopeKind": "class"}, {"_type": "tag", "name": "input ${peopleHasError ? 'inputError' : ''}", "path": "/home/kavia/workspace/code-generation/tip-calculator-316089-316098/tip_calculator_frontend/src/App.js", "pattern": "/^                    className={`input ${peopleHasError ? 'inputError' : ''}`}$/", "language": "JavaScript", "kind": "field", "scope": "App.className", "scopeKind": "class"}, {"_type": "tag", "name": "input ${tipHasError ? 'inputError' : ''}", "path": "/home/kavia/workspace/code-generation/tip-calculator-316089-316098/tip_calculator_frontend/src/App.js", "pattern": "/^                      className={`input ${tipHasError ? 'inputError' : ''}`}$/", "language": "JavaScript", "kind": "field", "scope": "App.className", "scopeKind": "class"}, {"_type": "tag", "name": "onBillChange", "path": "/home/kavia/workspace/code-generation/tip-calculator-316089-316098/tip_calculator_frontend/src/App.js", "pattern": "/^                  onChange={onBillChange}$/", "language": "JavaScript", "kind": "field", "scope": "App.onChange", "scopeKind": "class"}, {"_type": "tag", "name": "onCustomTipChange", "path": "/home/kavia/workspace/code-generation/tip-calculator-316089-316098/tip_calculator_frontend/src/App.js", "pattern": "/^                      onChange={onCustomTipChange}$/", "language": "JavaScript", "kind": "field", "scope": "App.onChange", "scopeKind": "class"}, {"_type": "tag", "name": "onPeopleBlur", "path": "/home/kavia/workspace/code-generation/tip-calculator-316089-316098/tip_calculator_frontend/src/App.js", "pattern": "/^                    onBlur={onPeopleBlur}$/", "language": "JavaScript", "kind": "field", "scope": "App.onBlur", "scopeKind": "class"}, {"_type": "tag", "name": "onPeopleChange", "path": "/home/kavia/workspace/code-generation/tip-calculator-316089-316098/tip_calculator_frontend/src/App.js", "pattern": "/^                    onChange={onPeopleChange}$/", "language": "JavaScript", "kind": "field", "scope": "App.onChange", "scopeKind": "class"}, {"_type": "tag", "name": "onRoundingModeChange", "path": "/home/kavia/workspace/code-generation/tip-calculator-316089-316098/tip_calculator_frontend/src/App.js", "pattern": "/^                      onChange={onRoundingModeChange}$/", "language": "JavaScript", "kind": "field", "scope": "App.onChange", "scopeKind": "class"}, {"_type": "tag", "name": "peopleHasError", "path": "/home/kavia/workspace/code-generation/tip-calculator-316089-316098/tip_calculator_frontend/src/App.js", "pattern": "/^                    aria-invalid={peopleHasError ? 'true' : 'false'}$/", "language": "JavaScript", "kind": "field", "scope": "App.aria", "scopeKind": "class"}, {"_type": "tag", "name": "peopleHelperId", "path": "/home/kavia/workspace/code-generation/tip-calculator-316089-316098/tip_calculator_frontend/src/App.js", "pattern": "/^                    aria-describedby={peopleHelperId}$/", "language": "JavaScript", "kind": "field", "scope": "App.aria", "scopeKind": "class"}, {"_type": "tag", "name": "peopleHelperId", "path": "/home/kavia/workspace/code-generation/tip-calculator-316089-316098/tip_calculator_frontend/src/App.js", "pattern": "/^                  id={peopleHelperId}$/", "language": "JavaScript", "kind": "field", "scope": "App.id", "scopeKind": "class"}, {"_type": "tag", "name": "peopleInput", "path": "/home/kavia/workspace/code-generation/tip-calculator-316089-316098/tip_calculator_frontend/src/App.js", "pattern": "/^                    value={peopleInput}$/", "language": "JavaScript", "kind": "field", "scope": "App.value", "scopeKind": "class"}, {"_type": "tag", "name": "resultsLiveId", "path": "/home/kavia/workspace/code-generation/tip-calculator-316089-316098/tip_calculator_frontend/src/App.js", "pattern": "/^                id={resultsLiveId}$/", "language": "JavaScript", "kind": "field", "scope": "App.id", "scopeKind": "class"}, {"_type": "tag", "name": "roundToWholeCurrency", "path": "/home/kavia/workspace/code-generation/tip-calculator-316089-316098/tip_calculator_frontend/src/App.js", "pattern": "/^function roundToWholeCurrency(amount) {$/", "language": "JavaScript", "kind": "function", "signature": "(amount)"}, {"_type": "tag", "name": "roundingHelperId", "path": "/home/kavia/workspace/code-generation/tip-calculator-316089-316098/tip_calculator_frontend/src/App.js", "pattern": "/^                  aria-describedby={roundingHelperId}$/", "language": "JavaScript", "kind": "field", "scope": "App.aria", "scopeKind": "class"}, {"_type": "tag", "name": "roundingMode", "path": "/home/kavia/workspace/code-generation/tip-calculator-316089-316098/tip_calculator_frontend/src/App.js", "pattern": "/^                      checked={roundingMode === ROUNDING_MODES.NONE}$/", "language": "JavaScript", "kind": "property", "scope": "App.checked", "scopeKind": "class"}, {"_type": "tag", "name": "roundingMode", "path": "/home/kavia/workspace/code-generation/tip-calculator-316089-316098/tip_calculator_frontend/src/App.js", "pattern": "/^                      checked={roundingMode === ROUNDING_MODES.TIP}$/", "language": "JavaScript", "kind": "property", "scope": "App.checked", "scopeKind": "class"}, {"_type": "tag", "name": "roundingMode", "path": "/home/kavia/workspace/code-generation/tip-calculator-316089-316098/tip_calculator_frontend/src/App.js", "pattern": "/^                      checked={roundingMode === ROUNDING_MODES.TOTAL}$/", "language": "JavaScript", "kind": "property", "scope": "App.checked", "scopeKind": "class"}, {"_type": "tag", "name": "tipHasError", "path": "/home/kavia/workspace/code-generation/tip-calculator-316089-316098/tip_calculator_frontend/src/App.js", "pattern": "/^                      aria-invalid={tipHasError ? 'true' : 'false'}$/", "language": "JavaScript", "kind": "field", "scope": "App.aria", "scopeKind": "class"}, {"_type": "tag", "name": "tipHelperId", "path": "/home/kavia/workspace/code-generation/tip-calculator-316089-316098/tip_calculator_frontend/src/App.js", "pattern": "/^                      aria-describedby={tipHelperId}$/", "language": "JavaScript", "kind": "field", "scope": "App.aria", "scopeKind": "class"}], "hash": "8f7d6ee1849ebfc90261d23fe1ec96f3", "format-version": 4, "code-base-name": "tip_calculator_frontend", "filename": "tip_calculator_frontend/src/App.js", "fields": [{"name": "min={0}", "scope": "App.min", "scopeKind": "class", "description": "unavailable"}, {"name": "step={0.01}", "scope": "App.step", "scopeKind": "class", "description": "unavailable"}, {"name": "step={1}", "scope": "App.step", "scopeKind": "class", "description": "unavailable"}, {"name": "min={1}", "scope": "App.min", "scopeKind": "class", "description": "unavailable"}, {"name": "NONE: 'none',", "scope": "ROUNDING_MODES", "scopeKind": "class", "description": "unavailable"}, {"name": "value={ROUNDING_MODES.NONE}", "scope": "App.value", "scopeKind": "class", "description": "unavailable"}, {"name": "value={ROUNDING_MODES.TIP}", "scope": "App.value", "scopeKind": "class", "description": "unavailable"}, {"name": "value={ROUNDING_MODES.TOTAL}", "scope": "App.value", "scopeKind": "class", "description": "unavailable"}, {"name": "TIP: 'tip',", "scope": "ROUNDING_MODES", "scopeKind": "class", "description": "unavailable"}, {"name": "TOTAL: 'total',", "scope": "ROUNDING_MODES", "scopeKind": "class", "description": "unavailable"}, {"name": "aria-invalid={billHasError ? 'true' : 'false'}", "scope": "App.aria", "scopeKind": "class", "description": "unavailable"}, {"name": "aria-describedby={billHelperId}", "scope": "App.aria", "scopeKind": "class", "description": "unavailable"}, {"name": "value={billInput}", "scope": "App.value", "scopeKind": "class", "description": "unavailable"}, {"name": "value={customTipInput}", "scope": "App.value", "scopeKind": "class", "description": "unavailable"}, {"name": "className={`helper ${peopleHasError ? 'helperError' : ''}`}", "scope": "App.className", "scopeKind": "class", "description": "unavailable"}, {"name": "className={`input ${billHasError ? 'inputError' : ''}`}", "scope": "App.className", "scopeKind": "class", "description": "unavailable"}, {"name": "className={`input ${peopleHasError ? 'inputError' : ''}`}", "scope": "App.className", "scopeKind": "class", "description": "unavailable"}, {"name": "className={`input ${tipHasError ? 'inputError' : ''}`}", "scope": "App.className", "scopeKind": "class", "description": "unavailable"}, {"name": "onChange={onBillChange}", "scope": "App.onChange", "scopeKind": "class", "description": "unavailable"}, {"name": "onChange={onCustomTipChange}", "scope": "App.onChange", "scopeKind": "class", "description": "unavailable"}, {"name": "onBlur={onPeopleBlur}", "scope": "App.onBlur", "scopeKind": "class", "description": "unavailable"}, {"name": "onChange={onPeopleChange}", "scope": "App.onChange", "scopeKind": "class", "description": "unavailable"}, {"name": "onChange={onRoundingModeChange}", "scope": "App.onChange", "scopeKind": "class", "description": "unavailable"}, {"name": "aria-invalid={peopleHasError ? 'true' : 'false'}", "scope": "App.aria", "scopeKind": "class", "description": "unavailable"}, {"name": "aria-describedby={peopleHelperId}", "scope": "App.aria", "scopeKind": "class", "description": "unavailable"}, {"name": "id={peopleHelperId}", "scope": "App.id", "scopeKind": "class", "description": "unavailable"}, {"name": "value={peopleInput}", "scope": "App.value", "scopeKind": "class", "description": "unavailable"}, {"name": "id={resultsLiveId}", "scope": "App.id", "scopeKind": "class", "description": "unavailable"}, {"name": "aria-describedby={roundingHelperId}", "scope": "App.aria", "scopeKind": "class", "description": "unavailable"}, {"name": "checked={roundingMode === ROUNDING_MODES.NONE}", "scope": "App.checked", "scopeKind": "class", "description": "unavailable"}, {"name": "checked={roundingMode === ROUNDING_MODES.TIP}", "scope": "App.checked", "scopeKind": "class", "description": "unavailable"}, {"name": "checked={roundingMode === ROUNDING_MODES.TOTAL}", "scope": "App.checked", "scopeKind": "class", "description": "unavailable"}, {"name": "aria-invalid={tipHasError ? 'true' : 'false'}", "scope": "App.aria", "scopeKind": "class", "description": "unavailable"}, {"name": "aria-describedby={tipHelperId}", "scope": "App.aria", "scopeKind": "class", "description": "unavailable"}]}