{"is_source_file": true, "format": "JavaScript (React JSX)", "description": "This file defines a React component for a Tip Calculator web application. It manages user inputs for bill amount and tip percentage (preset or custom), calculates tip and total amounts, and renders the UI with real-time updates and validation messages.", "external_files": ["./App.css"], "external_methods": ["Number", "Number.isFinite"], "published": ["App", "coerceNumber", "formatCurrency"], "classes": [], "methods": [{"name": "coerceNumber(value)", "description": "Converts a string input to a number for calculations, returning 0 for empty or invalid inputs.", "scope": "", "scopeKind": ""}, {"name": "formatCurrency(amount)", "description": "Formats a number as a USD currency string with two decimal places.", "scope": "", "scopeKind": ""}, {"name": "App()", "scope": "", "scopeKind": "", "description": "unavailable"}], "calls": ["React.useMemo", "React.useRef", "React.useState", "Number", "Number.isFinite"], "search-terms": ["TIP_PRESETS", "coerceNumber", "formatCurrency", "App component", "tip calculation", "React hooks", "tip presets", "custom tip input"], "state": 2, "file_id": 8, "knowledge_revision": 26, "git_revision": "0a6c4f55b606301b618d6c733bff3ecc3cafcce1", "revision_history": [{"24": "0a6c4f55b606301b618d6c733bff3ecc3cafcce1"}, {"26": "0a6c4f55b606301b618d6c733bff3ecc3cafcce1"}], "ctags": [{"_type": "tag", "name": "0", "path": "/home/kavia/workspace/code-generation/tip-calculator-316089-316098/tip_calculator_frontend/src/App.js", "pattern": "/^                      min={0}$/", "language": "JavaScript", "kind": "field", "scope": "App.min", "scopeKind": "class"}, {"_type": "tag", "name": "0", "path": "/home/kavia/workspace/code-generation/tip-calculator-316089-316098/tip_calculator_frontend/src/App.js", "pattern": "/^                  min={0}$/", "language": "JavaScript", "kind": "field", "scope": "App.min", "scopeKind": "class"}, {"_type": "tag", "name": "0", "path": "/home/kavia/workspace/code-generation/tip-calculator-316089-316098/tip_calculator_frontend/src/App.js", "pattern": "/^                  step={0.01}$/", "language": "JavaScript", "kind": "field", "scope": "App.step", "scopeKind": "class"}, {"_type": "tag", "name": "1", "path": "/home/kavia/workspace/code-generation/tip-calculator-316089-316098/tip_calculator_frontend/src/App.js", "pattern": "/^                      step={1}$/", "language": "JavaScript", "kind": "field", "scope": "App.step", "scopeKind": "class"}, {"_type": "tag", "name": "App", "path": "/home/kavia/workspace/code-generation/tip-calculator-316089-316098/tip_calculator_frontend/src/App.js", "pattern": "/^function App() {$/", "language": "JavaScript", "kind": "function", "signature": "()"}, {"_type": "tag", "name": "TIP_PRESETS", "path": "/home/kavia/workspace/code-generation/tip-calculator-316089-316098/tip_calculator_frontend/src/App.js", "pattern": "/^const TIP_PRESETS = [10, 15, 18, 20];$/", "language": "JavaScript", "kind": "constant"}, {"_type": "tag", "name": "billHasError", "path": "/home/kavia/workspace/code-generation/tip-calculator-316089-316098/tip_calculator_frontend/src/App.js", "pattern": "/^                  aria-invalid={billHasError ? 'true' : 'false'}$/", "language": "JavaScript", "kind": "field", "scope": "App.aria", "scopeKind": "class"}, {"_type": "tag", "name": "billHelperId", "path": "/home/kavia/workspace/code-generation/tip-calculator-316089-316098/tip_calculator_frontend/src/App.js", "pattern": "/^                  aria-describedby={billHelperId}$/", "language": "JavaScript", "kind": "field", "scope": "App.aria", "scopeKind": "class"}, {"_type": "tag", "name": "billInput", "path": "/home/kavia/workspace/code-generation/tip-calculator-316089-316098/tip_calculator_frontend/src/App.js", "pattern": "/^                  value={billInput}$/", "language": "JavaScript", "kind": "field", "scope": "App.value", "scopeKind": "class"}, {"_type": "tag", "name": "coerceNumber", "path": "/home/kavia/workspace/code-generation/tip-calculator-316089-316098/tip_calculator_frontend/src/App.js", "pattern": "/^function coerceNumber(value) {$/", "language": "JavaScript", "kind": "function", "signature": "(value)"}, {"_type": "tag", "name": "customTipInput", "path": "/home/kavia/workspace/code-generation/tip-calculator-316089-316098/tip_calculator_frontend/src/App.js", "pattern": "/^                      value={customTipInput}$/", "language": "JavaScript", "kind": "field", "scope": "App.value", "scopeKind": "class"}, {"_type": "tag", "name": "formatCurrency", "path": "/home/kavia/workspace/code-generation/tip-calculator-316089-316098/tip_calculator_frontend/src/App.js", "pattern": "/^function formatCurrency(amount) {$/", "language": "JavaScript", "kind": "function", "signature": "(amount)"}, {"_type": "tag", "name": "input ${billHasError ? 'inputError' : ''}", "path": "/home/kavia/workspace/code-generation/tip-calculator-316089-316098/tip_calculator_frontend/src/App.js", "pattern": "/^                  className={`input ${billHasError ? 'inputError' : ''}`}$/", "language": "JavaScript", "kind": "field", "scope": "App.className", "scopeKind": "class"}, {"_type": "tag", "name": "input ${tipHasError ? 'inputError' : ''}", "path": "/home/kavia/workspace/code-generation/tip-calculator-316089-316098/tip_calculator_frontend/src/App.js", "pattern": "/^                      className={`input ${tipHasError ? 'inputError' : ''}`}$/", "language": "JavaScript", "kind": "field", "scope": "App.className", "scopeKind": "class"}, {"_type": "tag", "name": "onBillChange", "path": "/home/kavia/workspace/code-generation/tip-calculator-316089-316098/tip_calculator_frontend/src/App.js", "pattern": "/^                  onChange={onBillChange}$/", "language": "JavaScript", "kind": "field", "scope": "App.onChange", "scopeKind": "class"}, {"_type": "tag", "name": "onCustomTipChange", "path": "/home/kavia/workspace/code-generation/tip-calculator-316089-316098/tip_calculator_frontend/src/App.js", "pattern": "/^                      onChange={onCustomTipChange}$/", "language": "JavaScript", "kind": "field", "scope": "App.onChange", "scopeKind": "class"}, {"_type": "tag", "name": "resultsLiveId", "path": "/home/kavia/workspace/code-generation/tip-calculator-316089-316098/tip_calculator_frontend/src/App.js", "pattern": "/^                id={resultsLiveId}$/", "language": "JavaScript", "kind": "field", "scope": "App.id", "scopeKind": "class"}, {"_type": "tag", "name": "tipHasError", "path": "/home/kavia/workspace/code-generation/tip-calculator-316089-316098/tip_calculator_frontend/src/App.js", "pattern": "/^                      aria-invalid={tipHasError ? 'true' : 'false'}$/", "language": "JavaScript", "kind": "field", "scope": "App.aria", "scopeKind": "class"}, {"_type": "tag", "name": "tipHelperId", "path": "/home/kavia/workspace/code-generation/tip-calculator-316089-316098/tip_calculator_frontend/src/App.js", "pattern": "/^                      aria-describedby={tipHelperId}$/", "language": "JavaScript", "kind": "field", "scope": "App.aria", "scopeKind": "class"}], "hash": "7727b3496415101a40114deab9d505ca", "format-version": 4, "code-base-name": "tip_calculator_frontend", "filename": "tip_calculator_frontend/src/App.js", "fields": [{"name": "min={0}", "scope": "App.min", "scopeKind": "class", "description": "unavailable"}, {"name": "step={0.01}", "scope": "App.step", "scopeKind": "class", "description": "unavailable"}, {"name": "step={1}", "scope": "App.step", "scopeKind": "class", "description": "unavailable"}, {"name": "aria-invalid={billHasError ? 'true' : 'false'}", "scope": "App.aria", "scopeKind": "class", "description": "unavailable"}, {"name": "aria-describedby={billHelperId}", "scope": "App.aria", "scopeKind": "class", "description": "unavailable"}, {"name": "value={billInput}", "scope": "App.value", "scopeKind": "class", "description": "unavailable"}, {"name": "value={customTipInput}", "scope": "App.value", "scopeKind": "class", "description": "unavailable"}, {"name": "className={`input ${billHasError ? 'inputError' : ''}`}", "scope": "App.className", "scopeKind": "class", "description": "unavailable"}, {"name": "className={`input ${tipHasError ? 'inputError' : ''}`}", "scope": "App.className", "scopeKind": "class", "description": "unavailable"}, {"name": "onChange={onBillChange}", "scope": "App.onChange", "scopeKind": "class", "description": "unavailable"}, {"name": "onChange={onCustomTipChange}", "scope": "App.onChange", "scopeKind": "class", "description": "unavailable"}, {"name": "id={resultsLiveId}", "scope": "App.id", "scopeKind": "class", "description": "unavailable"}, {"name": "aria-invalid={tipHasError ? 'true' : 'false'}", "scope": "App.aria", "scopeKind": "class", "description": "unavailable"}, {"name": "aria-describedby={tipHelperId}", "scope": "App.aria", "scopeKind": "class", "description": "unavailable"}]}