{"is_source_file": false, "format": "", "description": "", "external_files": [], "external_methods": [], "published": [], "classes": [], "methods": [], "calls": [], "search-terms": [], "state": 2, "file_id": 9, "knowledge_revision": 22, "git_revision": "0a6c4f55b606301b618d6c733bff3ecc3cafcce1", "ctags": [], "hash": "1a77571e1a8cf36018a41bcedf60db75", "format-version": 4, "code-base-name": "tip_calculator_frontend", "filename": "tip_calculator_frontend/src/setupTests.js", "revision_history": [{"22": "0a6c4f55b606301b618d6c733bff3ecc3cafcce1"}]}