{"is_source_file": false, "format": "", "description": "", "external_files": [], "external_methods": [], "published": [], "classes": [], "methods": [], "calls": [], "search-terms": [], "state": 2, "file_id": 4, "knowledge_revision": 16, "git_revision": "0a6c4f55b606301b618d6c733bff3ecc3cafcce1", "hash": "d2b40d02d5f7873d8a6713bad837edd4", "format-version": 4, "code-base-name": "tip_calculator_frontend", "filename": "tip_calculator_frontend/public/index.html", "revision_history": [{"16": "0a6c4f55b606301b618d6c733bff3ecc3cafcce1"}]}