{"is_source_file": false, "format": "", "description": "", "external_files": [], "external_methods": [], "published": [], "classes": [], "methods": [], "calls": [], "search-terms": [], "state": 2, "file_id": 6, "knowledge_revision": 32, "git_revision": "e64fd235e3e77c8fafc078f371cc195bffa8b8b8", "hash": "80b9a06a5ae1196bf6612bc500ecfdec", "format-version": 4, "code-base-name": "tip_calculator_frontend", "filename": "tip_calculator_frontend/src/App.css", "revision_history": [{"32": "e64fd235e3e77c8fafc078f371cc195bffa8b8b8"}]}