{"is_source_file": false, "format": "", "description": "", "external_files": [], "external_methods": [], "published": [], "classes": [], "methods": [], "calls": [], "search-terms": [], "state": 2, "file_id": 11, "knowledge_revision": 42, "git_revision": "5662faaec6b82b8a03d873e6760109a353c3df3e", "hash": "dc1cbaabb64b12ad87dff06b97ce0a1a", "format-version": 4, "code-base-name": "tip_calculator_frontend", "filename": "tip_calculator_frontend/src/index.css", "revision_history": [{"42": "5662faaec6b82b8a03d873e6760109a353c3df3e"}]}