{"is_source_file": false, "format": "", "description": "", "external_files": [], "external_methods": [], "published": [], "classes": [], "methods": [], "calls": [], "search-terms": ["App.css", "Theme tokens", "Layout styles", "CSS variables", "Responsive design", "Card styles", "Form elements", "Result panel", "CSS media queries", "Gradient backgrounds"], "state": 2, "file_id": 6, "knowledge_revision": 41, "git_revision": "29b70c8fd99ca03f43ec79d5ff6fa2dea2824e0a", "hash": "4ff49c3abfc470df2c3c42d2c01eb88c", "format-version": 4, "code-base-name": "tip_calculator_frontend", "filename": "tip_calculator_frontend/src/App.css", "revision_history": [{"41": "29b70c8fd99ca03f43ec79d5ff6fa2dea2824e0a"}]}