{"is_source_file": false, "format": "", "description": "", "external_files": [], "external_methods": [], "published": [], "classes": [], "methods": [], "calls": [], "search-terms": [], "state": 2, "file_id": 12, "knowledge_revision": 20, "git_revision": "0a6c4f55b606301b618d6c733bff3ecc3cafcce1", "hash": "d001d53c059625c4bcf75bf5a7f3fcf0", "format-version": 4, "code-base-name": "tip_calculator_frontend", "filename": "tip_calculator_frontend/package.json", "revision_history": [{"20": "0a6c4f55b606301b618d6c733bff3ecc3cafcce1"}]}