{"is_source_file": false, "format": "", "description": "", "external_files": [], "external_methods": [], "published": [], "classes": [], "methods": [], "calls": [], "search-terms": [], "state": 2, "file_id": 11, "knowledge_revision": 40, "git_revision": "cb6fe7256c4e3aa340afb335a2ddbb615c87c366", "hash": "51be87e8d761e9af88df597daa3981c2", "format-version": 4, "code-base-name": "tip_calculator_frontend", "filename": "tip_calculator_frontend/src/index.css", "revision_history": [{"40": "cb6fe7256c4e3aa340afb335a2ddbb615c87c366"}]}