{"is_source_file": false, "format": "", "description": "", "external_files": [], "external_methods": [], "published": [], "classes": [], "methods": [], "calls": [], "search-terms": ["CSS", "App.css", "Theme tokens", "layout styling", "card component", "form styling", "responsive design", "variables", "gradient backgrounds", "border radius"], "state": 2, "file_id": 6, "knowledge_revision": 39, "git_revision": "9e5ab3546326f08cf495ba220dd6192fb4a6960a", "hash": "eba4422e55dcbd0e87ff7ae39a7b326b", "format-version": 4, "code-base-name": "tip_calculator_frontend", "filename": "tip_calculator_frontend/src/App.css", "revision_history": [{"39": "9e5ab3546326f08cf495ba220dd6192fb4a6960a"}]}