{"is_source_file": true, "format": "JavaScript (React JSX)", "description": "This file serves as the entry point of a React application, importing core libraries, styling, and the main App component, and rendering the app into the DOM.", "external_files": ["./App", "./index.css"], "external_methods": ["ReactDOM.createRoot", "document.getElementById", "root.render"], "published": [], "classes": [], "methods": [{"name": "ReactDOM.createRoot", "description": "Creates a root for rendering React components in a DOM element."}, {"name": "document.getElementById", "description": "Retrieves an element from the DOM with the specified ID."}, {"name": "root.render", "description": "Renders React elements into the root DOM node."}], "calls": ["ReactDOM.createRoot", "document.getElementById", "root.render", "<React.StrictMode>", "<App />"], "search-terms": ["index.js", "React", "ReactDOM", "App component", "React rendering"], "state": 2, "file_id": 10, "knowledge_revision": 25, "git_revision": "0a6c4f55b606301b618d6c733bff3ecc3cafcce1", "ctags": [{"_type": "tag", "name": "root", "path": "/home/kavia/workspace/code-generation/tip-calculator-316089-316098/tip_calculator_frontend/src/index.js", "pattern": "/^const root = ReactDOM.createRoot(document.getElementById('root'));$/", "language": "JavaScript", "kind": "constant"}], "hash": "9fc5841375336fc175b49f8767a11383", "format-version": 4, "code-base-name": "tip_calculator_frontend", "filename": "tip_calculator_frontend/src/index.js", "revision_history": [{"25": "0a6c4f55b606301b618d6c733bff3ecc3cafcce1"}]}